{"click_1": {"x": 1152.046875, "y": 598.60546875}, "click_2": {"x": 1230.7578125, "y": 488.23828125}, "click_3": {"x": 1239.21875, "y": 398.1640625}}